Family,Child
[F0001],[I0001]
[F0001],[I0002]
[F0001],[I0031]
[F0001],[I0032]
[F0002],[I0004]
[F0002],[I0005]
[F0002],[I0006]
[F0002],[I0007]
[F0002],[I0008]
[F0002],[I0009]
[F0002],[I0010]
[F0002],[I0011]
[F0002],[I0012]
[F0002],[I0013]
[F0002],[I0014]
[F0002],[I0015]
[F0003],[I0036]
[F0003],[I0037]
[F0003],[I0038]
[F0004],[I0039]
[F0004],[I0040]
[F0004],[I0041]
[F0004],[I0042]
[F0004],[I0043]
[F0004],[I0044]
[F0005],[I0053]
[F0005],[I0054]
[F0005],[I0055]
[F0005],[I0056]
[F0005],[I0057]
[F0005],[I0058]
[F0005],[I0741]
[F0006],[I0072]
[F0006],[I0073]
[F0006],[I0074]
[F0006],[I0075]
[F0006],[I0076]
[F0006],[I0077]
[F0006],[I0078]
[F0006],[I0603]
[F0006],[I0604]
[F0006],[I0605]
[F0007],[I0019]
[F0007],[I0020]
[F0007],[I0087]
[F0007],[I0155]
[F0007],[I0156]
[F0007],[I0157]
[F0007],[I0158]
[F0007],[I0159]
[F0007],[I0160]
[F0008],[I0090]
[F0008],[I0091]
[F0008],[I0092]
[F0008],[I0093]
[F0008],[I0094]
[F0008],[I0095]
[F0008],[I0096]
[F0008],[I0097]
[F0008],[I0098]
[F0008],[I0099]
[F0009],[I0114]
[F0009],[I0115]
[F0009],[I0116]
[F0010],[I0120]
[F0010],[I0121]
[F0010],[I0122]
[F0010],[I0123]
[F0010],[I0124]
[F0010],[I0125]
[F0010],[I0126]
[F0010],[I0127]
[F0010],[I0128]
[F0011],[I0140]
[F0011],[I0141]
[F0012],[I0144]
[F0012],[I0145]
[F0012],[I0146]
[F0012],[I0147]
[F0013],[I0152]
[F0013],[I0588]
[F0014],[I0026]
[F0016],[I0755]
[F0016],[I0762]
[F0018],[I0229]
[F0018],[I0230]
[F0020],[I0763]
[F0021],[I0033]
[F0022],[I0034]
[F0022],[I0035]
[F0026],[I0046]
[F0034],[I0059]
[F0034],[I0060]
[F0034],[I0061]
[F0035],[I0062]
[F0037],[I0064]
[F0039],[I0066]
[F0039],[I0067]
[F0051],[I0003]
[F0051],[I0086]
[F0051],[I0138]
[F0051],[I0065]
[F0052],[I0088]
[F0052],[I0089]
[F0052],[I0190]
[F0052],[I0192]
[F0052],[I0193]
[F0052],[I0194]
[F0052],[I0195]
[F0052],[I0196]
[F0052],[I0150]
[F0052],[I0151]
[F0052],[I0627]
[F0053],[I0101]
[F0058],[I0109]
[F0059],[I0107]
[F0059],[I0108]
[F0078],[I0139]
[F0086],[I0168]
[F0086],[I0169]
[F0086],[I0170]
[F0086],[I0171]
[F0087],[I0228]
[F0088],[I0231]
[F0089],[I0183]
[F0089],[I0184]
[F0089],[I0185]
[F0089],[I0186]
[F0089],[I0187]
[F0090],[I0160]
[F0096],[I0164]
[F0097],[I0176]
[F0097],[I0177]
[F0097],[I0178]
[F0097],[I0179]
[F0098],[I0180]
[F0099],[I0181]
[F0100],[I0182]
[F0109],[I0298]
[F0109],[I0490]
[F0109],[I0491]
[F0109],[I0492]
[F0109],[I0493]
[F0109],[I0494]
[F0109],[I0495]
[F0109],[I0496]
[F0109],[I0497]
[F0109],[I0498]
[F0109],[I0651]
[F0109],[I0652]
[F0110],[I0106]
[F0110],[I0214]
[F0110],[I0215]
[F0110],[I0216]
[F0110],[I0217]
[F0110],[I0218]
[F0110],[I0219]
[F0110],[I0220]
[F0110],[I0221]
[F0110],[I0222]
[F0111],[I0203]
[F0111],[I0628]
[F0111],[I0629]
[F0111],[I0630]
[F0111],[I0631]
[F0111],[I0632]
[F0111],[I0633]
[F0111],[I0634]
[F0112],[I0206]
[F0112],[I0208]
[F0112],[I0209]
[F0113],[I0210]
[F0114],[I0211]
[F0115],[I0226]
[F0121],[I0233]
[F0122],[I0234]
[F0123],[I0232]
[F0123],[I0235]
[F0124],[I0236]
[F0124],[I0237]
[F0124],[I0340]
[F0125],[I0239]
[F0125],[I0240]
[F0125],[I0241]
[F0126],[I0249]
[F0126],[I0250]
[F0126],[I0251]
[F0126],[I0252]
[F0127],[I0309]
[F0127],[I0310]
[F0127],[I0347]
[F0127],[I0417]
[F0128],[I0243]
[F0128],[I0244]
[F0129],[I0245]
[F0129],[I0269]
[F0129],[I0270]
[F0129],[I0271]
[F0129],[I0272]
[F0129],[I0273]
[F0129],[I0274]
[F0129],[I0275]
[F0129],[I0276]
[F0129],[I0277]
[F0129],[I0278]
[F0129],[I0279]
[F0129],[I0280]
[F0130],[I0313]
[F0130],[I0314]
[F0130],[I0344]
[F0130],[I0345]
[F0130],[I0346]
[F0131],[I0242]
[F0131],[I0246]
[F0132],[I0247]
[F0132],[I0248]
[F0133],[I0253]
[F0133],[I0254]
[F0133],[I0255]
[F0133],[I0256]
[F0133],[I0257]
[F0135],[I0258]
[F0136],[I0259]
[F0136],[I0329]
[F0136],[I0330]
[F0136],[I0540]
[F0136],[I0541]
[F0142],[I0265]
[F0142],[I0266]
[F0147],[I0281]
[F0147],[I0282]
[F0147],[I0283]
[F0147],[I0284]
[F0148],[I0294]
[F0149],[I0295]
[F0149],[I0296]
[F0151],[I0302]
[F0152],[I0303]
[F0152],[I0304]
[F0153],[I0331]
[F0153],[I0332]
[F0153],[I0333]
[F0153],[I0334]
[F0153],[I0335]
[F0153],[I0596]
[F0153],[I0597]
[F0154],[I0307]
[F0155],[I0293]
[F0162],[I0300]
[F0162],[I0260]
[F0162],[I0322]
[F0162],[I0323]
[F0162],[I0401]
[F0162],[I0486]
[F0162],[I0488]
[F0162],[I0205]
[F0163],[I0301]
[F0163],[I0430]
[F0163],[I0431]
[F0163],[I0432]
[F0163],[I0433]
[F0163],[I0434]
[F0163],[I0435]
[F0168],[I0311]
[F0169],[I0312]
[F0171],[I0315]
[F0171],[I0316]
[F0171],[I0317]
[F0171],[I0318]
[F0171],[I0319]
[F0171],[I0320]
[F0171],[I0321]
[F0171],[I0422]
[F0171],[I0423]
[F0171],[I0424]
[F0172],[I0324]
[F0172],[I0325]
[F0172],[I0326]
[F0172],[I0327]
[F0172],[I0328]
[F0172],[I0375]
[F0172],[I0376]
[F0172],[I0377]
[F0172],[I0378]
[F0172],[I0379]
[F0172],[I0380]
[F0173],[I0336]
[F0173],[I0337]
[F0173],[I0544]
[F0174],[I0338]
[F0174],[I0339]
[F0176],[I0489]
[F0177],[I0525]
[F0177],[I0526]
[F0178],[I0527]
[F0179],[I0528]
[F0193],[I0341]
[F0194],[I0342]
[F0194],[I0343]
[F0194],[I0262]
[F0195],[I0348]
[F0199],[I0349]
[F0199],[I0352]
[F0199],[I0353]
[F0199],[I0354]
[F0199],[I0355]
[F0199],[I0356]
[F0199],[I0357]
[F0200],[I0387]
[F0200],[I0388]
[F0200],[I0389]
[F0200],[I0390]
[F0200],[I0391]
[F0200],[I0392]
[F0200],[I0393]
[F0200],[I0394]
[F0200],[I0395]
[F0200],[I0396]
[F0201],[I0368]
[F0201],[I0369]
[F0201],[I0370]
[F0201],[I0371]
[F0203],[I0360]
[F0203],[I0361]
[F0204],[I0472]
[F0204],[I0473]
[F0204],[I0474]
[F0204],[I0475]
[F0204],[I0476]
[F0204],[I0477]
[F0204],[I0478]
[F0204],[I0479]
[F0204],[I0480]
[F0206],[I0451]
[F0206],[I0452]
[F0206],[I0453]
[F0206],[I0454]
[F0206],[I0455]
[F0206],[I0456]
[F0206],[I0457]
[F0206],[I0458]
[F0206],[I0459]
[F0206],[I0460]
[F0206],[I0461]
[F0228],[I0407]
[F0228],[I0408]
[F0229],[I0374]
[F0230],[I0410]
[F0231],[I0411]
[F0232],[I0412]
[F0232],[I0413]
[F0233],[I0414]
[F0234],[I0415]
[F0234],[I0416]
[F0235],[I0421]
[F0237],[I0420]
[F0238],[I0418]
[F0239],[I0426]
[F0239],[I0427]
[F0249],[I0363]
[F0250],[I0445]
[F0251],[I0446]
[F0251],[I0447]
[F0252],[I0448]
[F0253],[I0449]
[F0253],[I0450]
[F0264],[I0469]
[F0264],[I0470]
[F0265],[I0471]
[F0265],[I0362]
[F0273],[I0511]
[F0273],[I0512]
[F0273],[I0513]
[F0273],[I0514]
[F0273],[I0515]
[F0273],[I0516]
[F0273],[I0517]
[F0273],[I0204]
[F0274],[I0529]
[F0274],[I0530]
[F0274],[I0531]
[F0274],[I0532]
[F0274],[I0533]
[F0274],[I0534]
[F0276],[I0499]
[F0277],[I0500]
[F0277],[I0501]
[F0277],[I0503]
[F0278],[I0502]
[F0279],[I0505]
[F0280],[I0504]
[F0280],[I0506]
[F0281],[I0507]
[F0282],[I0574]
[F0283],[I0576]
[F0283],[I0577]
[F0283],[I0578]
[F0283],[I0579]
[F0284],[I0565]
[F0284],[I0567]
[F0284],[I0568]
[F0284],[I0569]
[F0302],[I0165]
[F0302],[I0197]
[F0302],[I0287]
[F0302],[I0548]
[F0302],[I0111]
[F0302],[I0559]
[F0302],[I0560]
[F0302],[I0564]
[F0304],[I0549]
[F0305],[I0547]
[F0305],[I0554]
[F0305],[I0555]
[F0306],[I0546]
[F0306],[I0619]
[F0307],[I0558]
[F0307],[I0510]
[F0309],[I0050]
[F0309],[I0084]
[F0309],[I0112]
[F0309],[I0518]
[F0309],[I0584]
[F0309],[I0585]
[F0309],[I0586]
[F0309],[I0587]
[F0310],[I0561]
[F0311],[I0566]
[F0312],[I0592]
[F0312],[I0593]
[F0324],[I0589]
[F0325],[I0017]
[F0325],[I0590]
[F0331],[I0609]
[F0331],[I0610]
[F0331],[I0611]
[F0331],[I0612]
[F0331],[I0613]
[F0331],[I0614]
[F0332],[I0161]
[F0333],[I0602]
[F0333],[I0601]
[F0341],[I0620]
[F0342],[I0200]
[F0343],[I0154]
[F0343],[I0621]
[F0344],[I0622]
[F0344],[I0623]
[F0344],[I0624]
[F0345],[I0113]
[F0346],[I0199]
[F0347],[I0198]
[F0347],[I0105]
[F0348],[I0552]
[F0348],[I0191]
[F0349],[I0202]
[F0350],[I0625]
[F0350],[I0487]
[F0350],[I0834]
[F0350],[I0836]
[F0351],[I0626]
[F0356],[I0658]
[F0356],[I0657]
[F0356],[I0659]
[F0356],[I0660]
[F0356],[I0661]
[F0356],[I0662]
[F0356],[I0663]
[F0357],[I0030]
[F0357],[I0104]
[F0357],[I0103]
[F0357],[I0069]
[F0357],[I0722]
[F0357],[I0727]
[F0357],[I0728]
[F0357],[I0729]
[F0357],[I0730]
[F0357],[I0731]
[F0357],[I0732]
[F0357],[I0733]
[F0358],[I0679]
[F0358],[I0680]
[F0358],[I0681]
[F0358],[I0682]
[F0360],[I0653]
[F0360],[I0675]
[F0360],[I0676]
[F0360],[I0689]
[F0360],[I0690]
[F0360],[I0691]
[F0360],[I0692]
[F0360],[I0693]
[F0360],[I0694]
[F0360],[I0695]
[F0360],[I0696]
[F0360],[I0697]
[F0361],[I0717]
[F0361],[I0718]
[F0361],[I0719]
[F0361],[I0723]
[F0362],[I0639]
[F0362],[I0646]
[F0362],[I0647]
[F0362],[I0648]
[F0362],[I0714]
[F0362],[I0715]
[F0363],[I0641]
[F0363],[I0642]
[F0364],[I0640]
[F0364],[I0643]
[F0364],[I0644]
[F0365],[I0645]
[F0366],[I0725]
[F0367],[I0654]
[F0368],[I0665]
[F0368],[I0666]
[F0369],[I0649]
[F0369],[I0650]
[F0369],[I0636]
[F0369],[I0744]
[F0372],[I0655]
[F0372],[I0656]
[F0380],[I0201]
[F0380],[I0667]
[F0380],[I0668]
[F0381],[I0670]
[F0381],[I0671]
[F0382],[I0672]
[F0382],[I0698]
[F0382],[I0699]
[F0383],[I0673]
[F0384],[I0674]
[F0385],[I0029]
[F0385],[I0677]
[F0386],[I0678]
[F0388],[I0701]
[F0393],[I0637]
[F0394],[I0685]
[F0394],[I0686]
[F0395],[I0687]
[F0395],[I0688]
[F0399],[I0700]
[F0404],[I0704]
[F0405],[I0705]
[F0405],[I0706]
[F0405],[I0756]
[F0406],[I0708]
[F0406],[I0764]
[F0406],[I0787]
[F0406],[I0788]
[F0406],[I0789]
[F0406],[I0790]
[F0406],[I0791]
[F0406],[I0792]
[F0406],[I0793]
[F0406],[I0794]
[F0406],[I0795]
[F0407],[I0638]
[F0407],[I0707]
[F0407],[I0746]
[F0407],[I0748]
[F0407],[I0749]
[F0407],[I0750]
[F0407],[I0751]
[F0407],[I0752]
[F0407],[I0753]
[F0407],[I0754]
[F0411],[I0710]
[F0413],[I0716]
[F0414],[I0543]
[F0414],[I0724]
[F0417],[I0720]
[F0417],[I0721]
[F0422],[I0734]
[F0422],[I0735]
[F0423],[I0736]
[F0423],[I0737]
[F0423],[I0738]
[F0424],[I0739]
[F0424],[I0740]
[F0427],[I0743]
[F0432],[I0745]
[F0434],[I0780]
[F0434],[I0801]
[F0434],[I0819]
[F0434],[I0820]
[F0434],[I0821]
[F0434],[I0822]
[F0434],[I0823]
[F0435],[I0767]
[F0435],[I0768]
[F0435],[I0769]
[F0435],[I0770]
[F0435],[I0771]
[F0435],[I0772]
[F0435],[I0773]
[F0435],[I0774]
[F0435],[I0775]
[F0435],[I0776]
[F0436],[I0807]
[F0436],[I0808]
[F0436],[I0809]
[F0436],[I0810]
[F0436],[I0811]
[F0436],[I0812]
[F0441],[I0759]
[F0441],[I0765]
[F0442],[I0766]
[F0464],[I0805]
[F0464],[I0816]
[F0465],[I0757]
[F0465],[I0806]
[F0472],[I0800]
[F0472],[I0824]
[F0472],[I0825]
[F0473],[I0829]
[F0473],[I0830]
[F0479],[I0831]
[F0479],[I0832]
[F0482],[I0833]
[F0482],[I0835]
[F0484],[I0713]